Shape,Clarity,Color,Low Size,High Size,Price
BR,IF,D,0.50,0.69,40
BR,VVS1,D,0.50,0.69,37
BR,VVS2,D,0.50,0.69,34
BR,VS1,D,0.50,0.69,30
BR,VS2,D,0.50,0.69,27
BR,SI1,D,0.50,0.69,24
BR,SI2,D,0.50,0.69,21
BR,I1,D,0.50,0.69,18
BR,IF,E,0.50,0.69,37
BR,VVS1,E,0.50,0.69,34
BR,VVS2,E,0.50,0.69,31
BR,VS1,E,0.50,0.69,28
BR,VS2,E,0.50,0.69,25
BR,SI1,E,0.50,0.69,22
BR,SI2,E,0.50,0.69,19
BR,I1,E,0.50,0.69,16
BR,IF,F,0.50,0.69,34
BR,VVS1,F,0.50,0.69,32
BR,VVS2,F,0.50,0.69,29
BR,VS1,F,0.50,0.69,26
BR,VS2,F,0.50,0.69,23
BR,SI1,F,0.50,0.69,21
BR,SI2,F,0.50,0.69,18
BR,I1,F,0.50,0.69,15
BR,IF,G,0.50,0.69,32
BR,VVS1,G,0.50,0.69,29
BR,VVS2,G,0.50,0.69,27
BR,VS1,G,0.50,0.69,24
BR,VS2,G,0.50,0.69,21
BR,SI1,G,0.50,0.69,19
BR,SI2,G,0.50,0.69,16
BR,I1,G,0.50,0.69,14
BR,IF,H,0.50,0.69,29
BR,VVS1,H,0.50,0.69,26
BR,VVS2,H,0.50,0.69,24
BR,VS1,H,0.50,0.69,22
BR,VS2,H,0.50,0.69,20
BR,SI1,H,0.50,0.69,17
BR,SI2,H,0.50,0.69,15
BR,I1,H,0.50,0.69,13
BR,IF,I,0.50,0.69,26
BR,VVS1,I,0.50,0.69,24
BR,VVS2,I,0.50,0.69,22
BR,VS1,I,0.50,0.69,20
BR,VS2,I,0.50,0.69,18
BR,SI1,I,0.50,0.69,16
BR,SI2,I,0.50,0.69,14
BR,I1,I,0.50,0.69,11
BR,IF,J,0.50,0.69,23
BR,VVS1,J,0.50,0.69,21
BR,VVS2,J,0.50,0.69,19
BR,VS1,J,0.50,0.69,18
BR,VS2,J,0.50,0.69,16
BR,SI1,J,0.50,0.69,14
BR,SI2,J,0.50,0.69,12
BR,I1,J,0.50,0.69,10
BR,IF,K,0.50,0.69,20
BR,VVS1,K,0.50,0.69,19
BR,VVS2,K,0.50,0.69,17
BR,VS1,K,0.50,0.69,16
BR,VS2,K,0.50,0.69,14
BR,SI1,K,0.50,0.69,12
BR,SI2,K,0.50,0.69,11
BR,I1,K,0.50,0.69,9
BR,IF,L,0.50,0.69,18
BR,VVS1,L,0.50,0.69,16
BR,VVS2,L,0.50,0.69,15
BR,VS1,L,0.50,0.69,13
BR,VS2,L,0.50,0.69,12
BR,SI1,L,0.50,0.69,11
BR,SI2,L,0.50,0.69,9
BR,I1,L,0.50,0.69,8
BR,IF,M,0.50,0.69,15
BR,VVS1,M,0.50,0.69,14
BR,VVS2,M,0.50,0.69,12
BR,VS1,M,0.50,0.69,11
BR,VS2,M,0.50,0.69,10
BR,SI1,M,0.50,0.69,9
BR,SI2,M,0.50,0.69,8
BR,I1,M,0.50,0.69,7
BR,IF,D,0.70,0.89,55
BR,VVS1,D,0.70,0.89,51
BR,VVS2,D,0.70,0.89,46
BR,VS1,D,0.70,0.89,42
BR,VS2,D,0.70,0.89,37
BR,SI1,D,0.70,0.89,33
BR,SI2,D,0.70,0.89,29
BR,I1,D,0.70,0.89,24
BR,IF,E,0.70,0.89,51
BR,VVS1,E,0.70,0.89,47
BR,VVS2,E,0.70,0.89,43
BR,VS1,E,0.70,0.89,39
BR,VS2,E,0.70,0.89,35
BR,SI1,E,0.70,0.89,31
BR,SI2,E,0.70,0.89,27
BR,I1,E,0.70,0.89,23
BR,IF,F,0.70,0.89,47
BR,VVS1,F,0.70,0.89,44
BR,VVS2,F,0.70,0.89,40
BR,VS1,F,0.70,0.89,36
BR,VS2,F,0.70,0.89,32
BR,SI1,F,0.70,0.89,28
BR,SI2,F,0.70,0.89,25
BR,I1,F,0.70,0.89,21
BR,IF,G,0.70,0.89,43
BR,VVS1,G,0.70,0.89,40
BR,VVS2,G,0.70,0.89,36
BR,VS1,G,0.70,0.89,33
BR,VS2,G,0.70,0.89,30
BR,SI1,G,0.70,0.89,26
BR,SI2,G,0.70,0.89,23
BR,I1,G,0.70,0.89,19
BR,IF,H,0.70,0.89,40
BR,VVS1,H,0.70,0.89,36
BR,VVS2,H,0.70,0.89,33
BR,VS1,H,0.70,0.89,30
BR,VS2,H,0.70,0.89,27
BR,SI1,H,0.70,0.89,24
BR,SI2,H,0.70,0.89,21
BR,I1,H,0.70,0.89,17
BR,IF,I,0.70,0.89,36
BR,VVS1,I,0.70,0.89,33
BR,VVS2,I,0.70,0.89,30
BR,VS1,I,0.70,0.89,27
BR,VS2,I,0.70,0.89,24
BR,SI1,I,0.70,0.89,21
BR,SI2,I,0.70,0.89,19
BR,I1,I,0.70,0.89,16
BR,IF,J,0.70,0.89,32
BR,VVS1,J,0.70,0.89,29
BR,VVS2,J,0.70,0.89,27
BR,VS1,J,0.70,0.89,24
BR,VS2,J,0.70,0.89,22
BR,SI1,J,0.70,0.89,19
BR,SI2,J,0.70,0.89,17
BR,I1,J,0.70,0.89,14
BR,IF,K,0.70,0.89,28
BR,VVS1,K,0.70,0.89,26
BR,VVS2,K,0.70,0.89,24
BR,VS1,K,0.70,0.89,21
BR,VS2,K,0.70,0.89,19
BR,SI1,K,0.70,0.89,17
BR,SI2,K,0.70,0.89,15
BR,I1,K,0.70,0.89,12
BR,IF,L,0.70,0.89,24
BR,VVS1,L,0.70,0.89,22
BR,VVS2,L,0.70,0.89,20
BR,VS1,L,0.70,0.89,18
BR,VS2,L,0.70,0.89,16
BR,SI1,L,0.70,0.89,15
BR,SI2,L,0.70,0.89,13
BR,I1,L,0.70,0.89,11
BR,IF,M,0.70,0.89,20
BR,VVS1,M,0.70,0.89,19
BR,VVS2,M,0.70,0.89,17
BR,VS1,M,0.70,0.89,15
BR,VS2,M,0.70,0.89,14
BR,SI1,M,0.70,0.89,12
BR,SI2,M,0.70,0.89,11
BR,I1,M,0.70,0.89,9
BR,IF,D,0.90,0.99,70
BR,VVS1,D,0.90,0.99,64
BR,VVS2,D,0.90,0.99,59
BR,VS1,D,0.90,0.99,53
BR,VS2,D,0.90,0.99,48
BR,SI1,D,0.90,0.99,42
BR,SI2,D,0.90,0.99,36
BR,I1,D,0.90,0.99,31
BR,IF,E,0.90,0.99,65
BR,VVS1,E,0.90,0.99,60
BR,VVS2,E,0.90,0.99,55
BR,VS1,E,0.90,0.99,49
BR,VS2,E,0.90,0.99,44
BR,SI1,E,0.90,0.99,39
BR,SI2,E,0.90,0.99,34
BR,I1,E,0.90,0.99,29
BR,IF,F,0.90,0.99,60
BR,VVS1,F,0.90,0.99,55
BR,VVS2,F,0.90,0.99,51
BR,VS1,F,0.90,0.99,46
BR,VS2,F,0.90,0.99,41
BR,SI1,F,0.90,0.99,36
BR,SI2,F,0.90,0.99,31
BR,I1,F,0.90,0.99,26
BR,IF,G,0.90,0.99,55
BR,VVS1,G,0.90,0.99,51
BR,VVS2,G,0.90,0.99,46
BR,VS1,G,0.90,0.99,42
BR,VS2,G,0.90,0.99,38
BR,SI1,G,0.90,0.99,33
BR,SI2,G,0.90,0.99,29
BR,I1,G,0.90,0.99,24
BR,IF,H,0.90,0.99,50
BR,VVS1,H,0.90,0.99,46
BR,VVS2,H,0.90,0.99,42
BR,VS1,H,0.90,0.99,38
BR,VS2,H,0.90,0.99,34
BR,SI1,H,0.90,0.99,30
BR,SI2,H,0.90,0.99,26
BR,I1,H,0.90,0.99,22
BR,IF,I,0.90,0.99,45
BR,VVS1,I,0.90,0.99,42
BR,VVS2,I,0.90,0.99,38
BR,VS1,I,0.90,0.99,35
BR,VS2,I,0.90,0.99,31
BR,SI1,I,0.90,0.99,27
BR,SI2,I,0.90,0.99,24
BR,I1,I,0.90,0.99,20
BR,IF,J,0.90,0.99,41
BR,VVS1,J,0.90,0.99,37
BR,VVS2,J,0.90,0.99,34
BR,VS1,J,0.90,0.99,31
BR,VS2,J,0.90,0.99,28
BR,SI1,J,0.90,0.99,24
BR,SI2,J,0.90,0.99,21
BR,I1,J,0.90,0.99,18
BR,IF,K,0.90,0.99,36
BR,VVS1,K,0.90,0.99,33
BR,VVS2,K,0.90,0.99,30
BR,VS1,K,0.90,0.99,27
BR,VS2,K,0.90,0.99,24
BR,SI1,K,0.90,0.99,21
BR,SI2,K,0.90,0.99,19
BR,I1,K,0.90,0.99,16
BR,IF,L,0.90,0.99,31
BR,VVS1,L,0.90,0.99,28
BR,VVS2,L,0.90,0.99,26
BR,VS1,L,0.90,0.99,23
BR,VS2,L,0.90,0.99,21
BR,SI1,L,0.90,0.99,18
BR,SI2,L,0.90,0.99,16
BR,I1,L,0.90,0.99,14
BR,IF,M,0.90,0.99,26
BR,VVS1,M,0.90,0.99,24
BR,VVS2,M,0.90,0.99,22
BR,VS1,M,0.90,0.99,20
BR,VS2,M,0.90,0.99,18
BR,SI1,M,0.90,0.99,16
BR,SI2,M,0.90,0.99,13
BR,I1,M,0.90,0.99,11
BR,IF,D,1.00,1.49,100
BR,VVS1,D,1.00,1.49,92
BR,VVS2,D,1.00,1.49,84
BR,VS1,D,1.00,1.49,76
BR,VS2,D,1.00,1.49,68
BR,SI1,D,1.00,1.49,60
BR,SI2,D,1.00,1.49,52
BR,I1,D,1.00,1.49,44
BR,IF,E,1.00,1.49,93
BR,VVS1,E,1.00,1.49,86
BR,VVS2,E,1.00,1.49,78
BR,VS1,E,1.00,1.49,71
BR,VS2,E,1.00,1.49,63
BR,SI1,E,1.00,1.49,56
BR,SI2,E,1.00,1.49,48
BR,I1,E,1.00,1.49,41
BR,IF,F,1.00,1.49,86
BR,VVS1,F,1.00,1.49,79
BR,VVS2,F,1.00,1.49,72
BR,VS1,F,1.00,1.49,65
BR,VS2,F,1.00,1.49,58
BR,SI1,F,1.00,1.49,52
BR,SI2,F,1.00,1.49,45
BR,I1,F,1.00,1.49,38
BR,IF,G,1.00,1.49,79
BR,VVS1,G,1.00,1.49,73
BR,VVS2,G,1.00,1.49,66
BR,VS1,G,1.00,1.49,60
BR,VS2,G,1.00,1.49,54
BR,SI1,G,1.00,1.49,47
BR,SI2,G,1.00,1.49,41
BR,I1,G,1.00,1.49,35
BR,IF,H,1.00,1.49,72
BR,VVS1,H,1.00,1.49,66
BR,VVS2,H,1.00,1.49,60
BR,VS1,H,1.00,1.49,55
BR,VS2,H,1.00,1.49,49
BR,SI1,H,1.00,1.49,43
BR,SI2,H,1.00,1.49,37
BR,I1,H,1.00,1.49,32
BR,IF,I,1.00,1.49,65
BR,VVS1,I,1.00,1.49,60
BR,VVS2,I,1.00,1.49,55
BR,VS1,I,1.00,1.49,49
BR,VS2,I,1.00,1.49,44
BR,SI1,I,1.00,1.49,39
BR,SI2,I,1.00,1.49,34
BR,I1,I,1.00,1.49,29
BR,IF,J,1.00,1.49,58
BR,VVS1,J,1.00,1.49,53
BR,VVS2,J,1.00,1.49,49
BR,VS1,J,1.00,1.49,44
BR,VS2,J,1.00,1.49,39
BR,SI1,J,1.00,1.49,35
BR,SI2,J,1.00,1.49,30
BR,I1,J,1.00,1.49,26
BR,IF,K,1.00,1.49,51
BR,VVS1,K,1.00,1.49,47
BR,VVS2,K,1.00,1.49,43
BR,VS1,K,1.00,1.49,39
BR,VS2,K,1.00,1.49,35
BR,SI1,K,1.00,1.49,31
BR,SI2,K,1.00,1.49,27
BR,I1,K,1.00,1.49,22
BR,IF,L,1.00,1.49,44
BR,VVS1,L,1.00,1.49,40
BR,VVS2,L,1.00,1.49,37
BR,VS1,L,1.00,1.49,33
BR,VS2,L,1.00,1.49,30
BR,SI1,L,1.00,1.49,26
BR,SI2,L,1.00,1.49,23
BR,I1,L,1.00,1.49,19
BR,IF,M,1.00,1.49,37
BR,VVS1,M,1.00,1.49,34
BR,VVS2,M,1.00,1.49,31
BR,VS1,M,1.00,1.49,28
BR,VS2,M,1.00,1.49,25
BR,SI1,M,1.00,1.49,22
BR,SI2,M,1.00,1.49,19
BR,I1,M,1.00,1.49,16
BR,IF,D,1.50,1.99,140
BR,VVS1,D,1.50,1.99,129
BR,VVS2,D,1.50,1.99,118
BR,VS1,D,1.50,1.99,106
BR,VS2,D,1.50,1.99,95
BR,SI1,D,1.50,1.99,84
BR,SI2,D,1.50,1.99,73
BR,I1,D,1.50,1.99,62
BR,IF,E,1.50,1.99,130
BR,VVS1,E,1.50,1.99,120
BR,VVS2,E,1.50,1.99,109
BR,VS1,E,1.50,1.99,99
BR,VS2,E,1.50,1.99,89
BR,SI1,E,1.50,1.99,78
BR,SI2,E,1.50,1.99,68
BR,I1,E,1.50,1.99,57
BR,IF,F,1.50,1.99,120
BR,VVS1,F,1.50,1.99,111
BR,VVS2,F,1.50,1.99,101
BR,VS1,F,1.50,1.99,92
BR,VS2,F,1.50,1.99,82
BR,SI1,F,1.50,1.99,72
BR,SI2,F,1.50,1.99,63
BR,I1,F,1.50,1.99,53
BR,IF,G,1.50,1.99,111
BR,VVS1,G,1.50,1.99,102
BR,VVS2,G,1.50,1.99,93
BR,VS1,G,1.50,1.99,84
BR,VS2,G,1.50,1.99,75
BR,SI1,G,1.50,1.99,66
BR,SI2,G,1.50,1.99,58
BR,I1,G,1.50,1.99,49
BR,IF,H,1.50,1.99,101
BR,VVS1,H,1.50,1.99,93
BR,VVS2,H,1.50,1.99,85
BR,VS1,H,1.50,1.99,77
BR,VS2,H,1.50,1.99,69
BR,SI1,H,1.50,1.99,60
BR,SI2,H,1.50,1.99,52
BR,I1,H,1.50,1.99,44
BR,IF,I,1.50,1.99,91
BR,VVS1,I,1.50,1.99,84
BR,VVS2,I,1.50,1.99,76
BR,VS1,I,1.50,1.99,69
BR,VS2,I,1.50,1.99,62
BR,SI1,I,1.50,1.99,55
BR,SI2,I,1.50,1.99,47
BR,I1,I,1.50,1.99,40
BR,IF,J,1.50,1.99,81
BR,VVS1,J,1.50,1.99,75
BR,VVS2,J,1.50,1.99,68
BR,VS1,J,1.50,1.99,62
BR,VS2,J,1.50,1.99,55
BR,SI1,J,1.50,1.99,49
BR,SI2,J,1.50,1.99,42
BR,I1,J,1.50,1.99,36
BR,IF,K,1.50,1.99,71
BR,VVS1,K,1.50,1.99,66
BR,VVS2,K,1.50,1.99,60
BR,VS1,K,1.50,1.99,54
BR,VS2,K,1.50,1.99,49
BR,SI1,K,1.50,1.99,43
BR,SI2,K,1.50,1.99,37
BR,I1,K,1.50,1.99,31
BR,IF,L,1.50,1.99,62
BR,VVS1,L,1.50,1.99,57
BR,VVS2,L,1.50,1.99,52
BR,VS1,L,1.50,1.99,47
BR,VS2,L,1.50,1.99,42
BR,SI1,L,1.50,1.99,37
BR,SI2,L,1.50,1.99,32
BR,I1,L,1.50,1.99,27
BR,IF,M,1.50,1.99,52
BR,VVS1,M,1.50,1.99,48
BR,VVS2,M,1.50,1.99,44
BR,VS1,M,1.50,1.99,39
BR,VS2,M,1.50,1.99,35
BR,SI1,M,1.50,1.99,31
BR,SI2,M,1.50,1.99,27
BR,I1,M,1.50,1.99,23
BR,IF,D,2.00,2.99,200
BR,VVS1,D,2.00,2.99,184
BR,VVS2,D,2.00,2.99,168
BR,VS1,D,2.00,2.99,152
BR,VS2,D,2.00,2.99,136
BR,SI1,D,2.00,2.99,120
BR,SI2,D,2.00,2.99,104
BR,I1,D,2.00,2.99,88
BR,IF,E,2.00,2.99,186
BR,VVS1,E,2.00,2.99,171
BR,VVS2,E,2.00,2.99,156
BR,VS1,E,2.00,2.99,141
BR,VS2,E,2.00,2.99,126
BR,SI1,E,2.00,2.99,112
BR,SI2,E,2.00,2.99,97
BR,I1,E,2.00,2.99,82
BR,IF,F,2.00,2.99,172
BR,VVS1,F,2.00,2.99,158
BR,VVS2,F,2.00,2.99,144
BR,VS1,F,2.00,2.99,131
BR,VS2,F,2.00,2.99,117
BR,SI1,F,2.00,2.99,103
BR,SI2,F,2.00,2.99,89
BR,I1,F,2.00,2.99,76
BR,IF,G,2.00,2.99,158
BR,VVS1,G,2.00,2.99,145
BR,VVS2,G,2.00,2.99,133
BR,VS1,G,2.00,2.99,120
BR,VS2,G,2.00,2.99,107
BR,SI1,G,2.00,2.99,95
BR,SI2,G,2.00,2.99,82
BR,I1,G,2.00,2.99,70
BR,IF,H,2.00,2.99,144
BR,VVS1,H,2.00,2.99,132
BR,VVS2,H,2.00,2.99,121
BR,VS1,H,2.00,2.99,109
BR,VS2,H,2.00,2.99,98
BR,SI1,H,2.00,2.99,86
BR,SI2,H,2.00,2.99,75
BR,I1,H,2.00,2.99,63
BR,IF,I,2.00,2.99,130
BR,VVS1,I,2.00,2.99,120
BR,VVS2,I,2.00,2.99,109
BR,VS1,I,2.00,2.99,99
BR,VS2,I,2.00,2.99,88
BR,SI1,I,2.00,2.99,78
BR,SI2,I,2.00,2.99,68
BR,I1,I,2.00,2.99,57
BR,IF,J,2.00,2.99,116
BR,VVS1,J,2.00,2.99,107
BR,VVS2,J,2.00,2.99,97
BR,VS1,J,2.00,2.99,88
BR,VS2,J,2.00,2.99,79
BR,SI1,J,2.00,2.99,70
BR,SI2,J,2.00,2.99,60
BR,I1,J,2.00,2.99,51
BR,IF,K,2.00,2.99,102
BR,VVS1,K,2.00,2.99,94
BR,VVS2,K,2.00,2.99,86
BR,VS1,K,2.00,2.99,78
BR,VS2,K,2.00,2.99,69
BR,SI1,K,2.00,2.99,61
BR,SI2,K,2.00,2.99,53
BR,I1,K,2.00,2.99,45
BR,IF,L,2.00,2.99,88
BR,VVS1,L,2.00,2.99,81
BR,VVS2,L,2.00,2.99,74
BR,VS1,L,2.00,2.99,67
BR,VS2,L,2.00,2.99,60
BR,SI1,L,2.00,2.99,53
BR,SI2,L,2.00,2.99,46
BR,I1,L,2.00,2.99,39
BR,IF,M,2.00,2.99,74
BR,VVS1,M,2.00,2.99,68
BR,VVS2,M,2.00,2.99,62
BR,VS1,M,2.00,2.99,56
BR,VS2,M,2.00,2.99,50
BR,SI1,M,2.00,2.99,44
BR,SI2,M,2.00,2.99,38
BR,I1,M,2.00,2.99,33
BR,IF,D,3.00,3.99,300
BR,VVS1,D,3.00,3.99,276
BR,VVS2,D,3.00,3.99,252
BR,VS1,D,3.00,3.99,228
BR,VS2,D,3.00,3.99,204
BR,SI1,D,3.00,3.99,180
BR,SI2,D,3.00,3.99,156
BR,I1,D,3.00,3.99,132
BR,IF,E,3.00,3.99,279
BR,VVS1,E,3.00,3.99,257
BR,VVS2,E,3.00,3.99,234
BR,VS1,E,3.00,3.99,212
BR,VS2,E,3.00,3.99,190
BR,SI1,E,3.00,3.99,167
BR,SI2,E,3.00,3.99,145
BR,I1,E,3.00,3.99,123
BR,IF,F,3.00,3.99,258
BR,VVS1,F,3.00,3.99,237
BR,VVS2,F,3.00,3.99,217
BR,VS1,F,3.00,3.99,196
BR,VS2,F,3.00,3.99,175
BR,SI1,F,3.00,3.99,155
BR,SI2,F,3.00,3.99,134
BR,I1,F,3.00,3.99,114
BR,IF,G,3.00,3.99,237
BR,VVS1,G,3.00,3.99,218
BR,VVS2,G,3.00,3.99,199
BR,VS1,G,3.00,3.99,180
BR,VS2,G,3.00,3.99,161
BR,SI1,G,3.00,3.99,142
BR,SI2,G,3.00,3.99,123
BR,I1,G,3.00,3.99,104
BR,IF,H,3.00,3.99,216
BR,VVS1,H,3.00,3.99,199
BR,VVS2,H,3.00,3.99,181
BR,VS1,H,3.00,3.99,164
BR,VS2,H,3.00,3.99,147
BR,SI1,H,3.00,3.99,130
BR,SI2,H,3.00,3.99,112
BR,I1,H,3.00,3.99,95
BR,IF,I,3.00,3.99,195
BR,VVS1,I,3.00,3.99,179
BR,VVS2,I,3.00,3.99,164
BR,VS1,I,3.00,3.99,148
BR,VS2,I,3.00,3.99,133
BR,SI1,I,3.00,3.99,117
BR,SI2,I,3.00,3.99,101
BR,I1,I,3.00,3.99,86
BR,IF,J,3.00,3.99,174
BR,VVS1,J,3.00,3.99,160
BR,VVS2,J,3.00,3.99,146
BR,VS1,J,3.00,3.99,132
BR,VS2,J,3.00,3.99,118
BR,SI1,J,3.00,3.99,104
BR,SI2,J,3.00,3.99,90
BR,I1,J,3.00,3.99,77
BR,IF,K,3.00,3.99,153
BR,VVS1,K,3.00,3.99,141
BR,VVS2,K,3.00,3.99,129
BR,VS1,K,3.00,3.99,116
BR,VS2,K,3.00,3.99,104
BR,SI1,K,3.00,3.99,92
BR,SI2,K,3.00,3.99,80
BR,I1,K,3.00,3.99,67
BR,IF,L,3.00,3.99,132
BR,VVS1,L,3.00,3.99,121
BR,VVS2,L,3.00,3.99,111
BR,VS1,L,3.00,3.99,100
BR,VS2,L,3.00,3.99,90
BR,SI1,L,3.00,3.99,79
BR,SI2,L,3.00,3.99,69
BR,I1,L,3.00,3.99,58
BR,IF,M,3.00,3.99,111
BR,VVS1,M,3.00,3.99,102
BR,VVS2,M,3.00,3.99,93
BR,VS1,M,3.00,3.99,84
BR,VS2,M,3.00,3.99,75
BR,SI1,M,3.00,3.99,67
BR,SI2,M,3.00,3.99,58
BR,I1,M,3.00,3.99,49
PS,IF,D,0.50,0.69,34
PS,VVS1,D,0.50,0.69,31
PS,VVS2,D,0.50,0.69,29
PS,VS1,D,0.50,0.69,26
PS,VS2,D,0.50,0.69,23
PS,SI1,D,0.50,0.69,20
PS,SI2,D,0.50,0.69,18
PS,I1,D,0.50,0.69,15
PS,IF,E,0.50,0.69,32
PS,VVS1,E,0.50,0.69,29
PS,VVS2,E,0.50,0.69,27
PS,VS1,E,0.50,0.69,24
PS,VS2,E,0.50,0.69,22
PS,SI1,E,0.50,0.69,19
PS,SI2,E,0.50,0.69,16
PS,I1,E,0.50,0.69,14
PS,IF,F,0.50,0.69,29
PS,VVS1,F,0.50,0.69,27
PS,VVS2,F,0.50,0.69,25
PS,VS1,F,0.50,0.69,22
PS,VS2,F,0.50,0.69,20
PS,SI1,F,0.50,0.69,18
PS,SI2,F,0.50,0.69,15
PS,I1,F,0.50,0.69,13
PS,IF,G,0.50,0.69,27
PS,VVS1,G,0.50,0.69,25
PS,VVS2,G,0.50,0.69,23
PS,VS1,G,0.50,0.69,20
PS,VS2,G,0.50,0.69,18
PS,SI1,G,0.50,0.69,16
PS,SI2,G,0.50,0.69,14
PS,I1,G,0.50,0.69,12
PS,IF,H,0.50,0.69,24
PS,VVS1,H,0.50,0.69,23
PS,VVS2,H,0.50,0.69,21
PS,VS1,H,0.50,0.69,19
PS,VS2,H,0.50,0.69,17
PS,SI1,H,0.50,0.69,15
PS,SI2,H,0.50,0.69,13
PS,I1,H,0.50,0.69,11
PS,IF,I,0.50,0.69,22
PS,VVS1,I,0.50,0.69,20
PS,VVS2,I,0.50,0.69,19
PS,VS1,I,0.50,0.69,17
PS,VS2,I,0.50,0.69,15
PS,SI1,I,0.50,0.69,13
PS,SI2,I,0.50,0.69,11
PS,I1,I,0.50,0.69,10
PS,IF,J,0.50,0.69,20
PS,VVS1,J,0.50,0.69,18
PS,VVS2,J,0.50,0.69,17
PS,VS1,J,0.50,0.69,15
PS,VS2,J,0.50,0.69,13
PS,SI1,J,0.50,0.69,12
PS,SI2,J,0.50,0.69,10
PS,I1,J,0.50,0.69,9
PS,IF,K,0.50,0.69,17
PS,VVS1,K,0.50,0.69,16
PS,VVS2,K,0.50,0.69,15
PS,VS1,K,0.50,0.69,13
PS,VS2,K,0.50,0.69,12
PS,SI1,K,0.50,0.69,10
PS,SI2,K,0.50,0.69,9
PS,I1,K,0.50,0.69,8
PS,IF,L,0.50,0.69,15
PS,VVS1,L,0.50,0.69,14
PS,VVS2,L,0.50,0.69,13
PS,VS1,L,0.50,0.69,11
PS,VS2,L,0.50,0.69,10
PS,SI1,L,0.50,0.69,9
PS,SI2,L,0.50,0.69,8
PS,I1,L,0.50,0.69,7
PS,IF,M,0.50,0.69,13
PS,VVS1,M,0.50,0.69,12
PS,VVS2,M,0.50,0.69,11
PS,VS1,M,0.50,0.69,10
PS,VS2,M,0.50,0.69,9
PS,SI1,M,0.50,0.69,8
PS,SI2,M,0.50,0.69,7
PS,I1,M,0.50,0.69,6
PS,IF,D,0.70,0.89,47
PS,VVS1,D,0.70,0.89,43
PS,VVS2,D,0.70,0.89,39
PS,VS1,D,0.70,0.89,36
PS,VS2,D,0.70,0.89,32
PS,SI1,D,0.70,0.89,28
PS,SI2,D,0.70,0.89,24
PS,I1,D,0.70,0.89,21
PS,IF,E,0.70,0.89,43
PS,VVS1,E,0.70,0.89,40
PS,VVS2,E,0.70,0.89,37
PS,VS1,E,0.70,0.89,33
PS,VS2,E,0.70,0.89,30
PS,SI1,E,0.70,0.89,26
PS,SI2,E,0.70,0.89,23
PS,I1,E,0.70,0.89,19
PS,IF,F,0.70,0.89,40
PS,VVS1,F,0.70,0.89,37
PS,VVS2,F,0.70,0.89,34
PS,VS1,F,0.70,0.89,31
PS,VS2,F,0.70,0.89,27
PS,SI1,F,0.70,0.89,24
PS,SI2,F,0.70,0.89,21
PS,I1,F,0.70,0.89,18
PS,IF,G,0.70,0.89,37
PS,VVS1,G,0.70,0.89,34
PS,VVS2,G,0.70,0.89,31
PS,VS1,G,0.70,0.89,28
PS,VS2,G,0.70,0.89,25
PS,SI1,G,0.70,0.89,22
PS,SI2,G,0.70,0.89,19
PS,I1,G,0.70,0.89,16
PS,IF,H,0.70,0.89,34
PS,VVS1,H,0.70,0.89,31
PS,VVS2,H,0.70,0.89,28
PS,VS1,H,0.70,0.89,26
PS,VS2,H,0.70,0.89,23
PS,SI1,H,0.70,0.89,20
PS,SI2,H,0.70,0.89,18
PS,I1,H,0.70,0.89,15
PS,IF,I,0.70,0.89,30
PS,VVS1,I,0.70,0.89,28
PS,VVS2,I,0.70,0.89,26
PS,VS1,I,0.70,0.89,23
PS,VS2,I,0.70,0.89,21
PS,SI1,I,0.70,0.89,18
PS,SI2,I,0.70,0.89,16
PS,I1,I,0.70,0.89,13
PS,IF,J,0.70,0.89,27
PS,VVS1,J,0.70,0.89,25
PS,VVS2,J,0.70,0.89,23
PS,VS1,J,0.70,0.89,21
PS,VS2,J,0.70,0.89,18
PS,SI1,J,0.70,0.89,16
PS,SI2,J,0.70,0.89,14
PS,I1,J,0.70,0.89,12
PS,IF,K,0.70,0.89,24
PS,VVS1,K,0.70,0.89,22
PS,VVS2,K,0.70,0.89,20
PS,VS1,K,0.70,0.89,18
PS,VS2,K,0.70,0.89,16
PS,SI1,K,0.70,0.89,14
PS,SI2,K,0.70,0.89,12
PS,I1,K,0.70,0.89,10
PS,IF,L,0.70,0.89,21
PS,VVS1,L,0.70,0.89,19
PS,VVS2,L,0.70,0.89,17
PS,VS1,L,0.70,0.89,16
PS,VS2,L,0.70,0.89,14
PS,SI1,L,0.70,0.89,12
PS,SI2,L,0.70,0.89,11
PS,I1,L,0.70,0.89,9
PS,IF,M,0.70,0.89,17
PS,VVS1,M,0.70,0.89,16
PS,VVS2,M,0.70,0.89,15
PS,VS1,M,0.70,0.89,13
PS,VS2,M,0.70,0.89,12
PS,SI1,M,0.70,0.89,10
PS,SI2,M,0.70,0.89,9
PS,I1,M,0.70,0.89,8
PS,IF,D,0.90,0.99,60
PS,VVS1,D,0.90,0.99,55
PS,VVS2,D,0.90,0.99,50
PS,VS1,D,0.90,0.99,45
PS,VS2,D,0.90,0.99,40
PS,SI1,D,0.90,0.99,36
PS,SI2,D,0.90,0.99,31
PS,I1,D,0.90,0.99,26
PS,IF,E,0.90,0.99,55
PS,VVS1,E,0.90,0.99,51
PS,VVS2,E,0.90,0.99,46
PS,VS1,E,0.90,0.99,42
PS,VS2,E,0.90,0.99,38
PS,SI1,E,0.90,0.99,33
PS,SI2,E,0.90,0.99,29
PS,I1,E,0.90,0.99,24
PS,IF,F,0.90,0.99,51
PS,VVS1,F,0.90,0.99,47
PS,VVS2,F,0.90,0.99,43
PS,VS1,F,0.90,0.99,39
PS,VS2,F,0.90,0.99,35
PS,SI1,F,0.90,0.99,31
PS,SI2,F,0.90,0.99,27
PS,I1,F,0.90,0.99,23
PS,IF,G,0.90,0.99,47
PS,VVS1,G,0.90,0.99,43
PS,VVS2,G,0.90,0.99,39
PS,VS1,G,0.90,0.99,36
PS,VS2,G,0.90,0.99,32
PS,SI1,G,0.90,0.99,28
PS,SI2,G,0.90,0.99,24
PS,I1,G,0.90,0.99,21
PS,IF,H,0.90,0.99,43
PS,VVS1,H,0.90,0.99,39
PS,VVS2,H,0.90,0.99,36
PS,VS1,H,0.90,0.99,33
PS,VS2,H,0.90,0.99,29
PS,SI1,H,0.90,0.99,26
PS,SI2,H,0.90,0.99,22
PS,I1,H,0.90,0.99,19
PS,IF,I,0.90,0.99,39
PS,VVS1,I,0.90,0.99,36
PS,VVS2,I,0.90,0.99,32
PS,VS1,I,0.90,0.99,29
PS,VS2,I,0.90,0.99,26
PS,SI1,I,0.90,0.99,23
PS,SI2,I,0.90,0.99,20
PS,I1,I,0.90,0.99,17
PS,IF,J,0.90,0.99,35
PS,VVS1,J,0.90,0.99,32
PS,VVS2,J,0.90,0.99,29
PS,VS1,J,0.90,0.99,26
PS,VS2,J,0.90,0.99,23
PS,SI1,J,0.90,0.99,21
PS,SI2,J,0.90,0.99,18
PS,I1,J,0.90,0.99,15
PS,IF,K,0.90,0.99,30
PS,VVS1,K,0.90,0.99,28
PS,VVS2,K,0.90,0.99,25
PS,VS1,K,0.90,0.99,23
PS,VS2,K,0.90,0.99,21
PS,SI1,K,0.90,0.99,18
PS,SI2,K,0.90,0.99,16
PS,I1,K,0.90,0.99,13
PS,IF,L,0.90,0.99,26
PS,VVS1,L,0.90,0.99,24
PS,VVS2,L,0.90,0.99,22
PS,VS1,L,0.90,0.99,20
PS,VS2,L,0.90,0.99,18
PS,SI1,L,0.90,0.99,16
PS,SI2,L,0.90,0.99,14
PS,I1,L,0.90,0.99,12
PS,IF,M,0.90,0.99,22
PS,VVS1,M,0.90,0.99,20
PS,VVS2,M,0.90,0.99,18
PS,VS1,M,0.90,0.99,17
PS,VS2,M,0.90,0.99,15
PS,SI1,M,0.90,0.99,13
PS,SI2,M,0.90,0.99,11
PS,I1,M,0.90,0.99,10
PS,IF,D,1.00,1.49,85
PS,VVS1,D,1.00,1.49,78
PS,VVS2,D,1.00,1.49,71
PS,VS1,D,1.00,1.49,65
PS,VS2,D,1.00,1.49,58
PS,SI1,D,1.00,1.49,51
PS,SI2,D,1.00,1.49,44
PS,I1,D,1.00,1.49,37
PS,IF,E,1.00,1.49,79
PS,VVS1,E,1.00,1.49,73
PS,VVS2,E,1.00,1.49,66
PS,VS1,E,1.00,1.49,60
PS,VS2,E,1.00,1.49,54
PS,SI1,E,1.00,1.49,47
PS,SI2,E,1.00,1.49,41
PS,I1,E,1.00,1.49,35
PS,IF,F,1.00,1.49,73
PS,VVS1,F,1.00,1.49,67
PS,VVS2,F,1.00,1.49,61
PS,VS1,F,1.00,1.49,56
PS,VS2,F,1.00,1.49,50
PS,SI1,F,1.00,1.49,44
PS,SI2,F,1.00,1.49,38
PS,I1,F,1.00,1.49,32
PS,IF,G,1.00,1.49,67
PS,VVS1,G,1.00,1.49,62
PS,VVS2,G,1.00,1.49,56
PS,VS1,G,1.00,1.49,51
PS,VS2,G,1.00,1.49,46
PS,SI1,G,1.00,1.49,40
PS,SI2,G,1.00,1.49,35
PS,I1,G,1.00,1.49,30
PS,IF,H,1.00,1.49,61
PS,VVS1,H,1.00,1.49,56
PS,VVS2,H,1.00,1.49,51
PS,VS1,H,1.00,1.49,47
PS,VS2,H,1.00,1.49,42
PS,SI1,H,1.00,1.49,37
PS,SI2,H,1.00,1.49,32
PS,I1,H,1.00,1.49,27
PS,IF,I,1.00,1.49,55
PS,VVS1,I,1.00,1.49,51
PS,VVS2,I,1.00,1.49,46
PS,VS1,I,1.00,1.49,42
PS,VS2,I,1.00,1.49,38
PS,SI1,I,1.00,1.49,33
PS,SI2,I,1.00,1.49,29
PS,I1,I,1.00,1.49,24
PS,IF,J,1.00,1.49,49
PS,VVS1,J,1.00,1.49,45
PS,VVS2,J,1.00,1.49,41
PS,VS1,J,1.00,1.49,37
PS,VS2,J,1.00,1.49,34
PS,SI1,J,1.00,1.49,30
PS,SI2,J,1.00,1.49,26
PS,I1,J,1.00,1.49,22
PS,IF,K,1.00,1.49,43
PS,VVS1,K,1.00,1.49,40
PS,VVS2,K,1.00,1.49,36
PS,VS1,K,1.00,1.49,33
PS,VS2,K,1.00,1.49,29
PS,SI1,K,1.00,1.49,26
PS,SI2,K,1.00,1.49,23
PS,I1,K,1.00,1.49,19
PS,IF,L,1.00,1.49,37
PS,VVS1,L,1.00,1.49,34
PS,VVS2,L,1.00,1.49,31
PS,VS1,L,1.00,1.49,28
PS,VS2,L,1.00,1.49,25
PS,SI1,L,1.00,1.49,22
PS,SI2,L,1.00,1.49,19
PS,I1,L,1.00,1.49,16
PS,IF,M,1.00,1.49,31
PS,VVS1,M,1.00,1.49,29
PS,VVS2,M,1.00,1.49,26
PS,VS1,M,1.00,1.49,24
PS,VS2,M,1.00,1.49,21
PS,SI1,M,1.00,1.49,19
PS,SI2,M,1.00,1.49,16
PS,I1,M,1.00,1.49,14
PS,IF,D,1.50,1.99,119
PS,VVS1,D,1.50,1.99,109
PS,VVS2,D,1.50,1.99,100
PS,VS1,D,1.50,1.99,90
PS,VS2,D,1.50,1.99,81
PS,SI1,D,1.50,1.99,71
PS,SI2,D,1.50,1.99,62
PS,I1,D,1.50,1.99,52
PS,IF,E,1.50,1.99,111
PS,VVS1,E,1.50,1.99,102
PS,VVS2,E,1.50,1.99,93
PS,VS1,E,1.50,1.99,84
PS,VS2,E,1.50,1.99,75
PS,SI1,E,1.50,1.99,66
PS,SI2,E,1.50,1.99,58
PS,I1,E,1.50,1.99,49
PS,IF,F,1.50,1.99,102
PS,VVS1,F,1.50,1.99,94
PS,VVS2,F,1.50,1.99,86
PS,VS1,F,1.50,1.99,78
PS,VS2,F,1.50,1.99,70
PS,SI1,F,1.50,1.99,61
PS,SI2,F,1.50,1.99,53
PS,I1,F,1.50,1.99,45
PS,IF,G,1.50,1.99,94
PS,VVS1,G,1.50,1.99,86
PS,VVS2,G,1.50,1.99,79
PS,VS1,G,1.50,1.99,71
PS,VS2,G,1.50,1.99,64
PS,SI1,G,1.50,1.99,56
PS,SI2,G,1.50,1.99,49
PS,I1,G,1.50,1.99,41
PS,IF,H,1.50,1.99,86
PS,VVS1,H,1.50,1.99,79
PS,VVS2,H,1.50,1.99,72
PS,VS1,H,1.50,1.99,65
PS,VS2,H,1.50,1.99,58
PS,SI1,H,1.50,1.99,51
PS,SI2,H,1.50,1.99,45
PS,I1,H,1.50,1.99,38
PS,IF,I,1.50,1.99,77
PS,VVS1,I,1.50,1.99,71
PS,VVS2,I,1.50,1.99,65
PS,VS1,I,1.50,1.99,59
PS,VS2,I,1.50,1.99,53
PS,SI1,I,1.50,1.99,46
PS,SI2,I,1.50,1.99,40
PS,I1,I,1.50,1.99,34
PS,IF,J,1.50,1.99,69
PS,VVS1,J,1.50,1.99,63
PS,VVS2,J,1.50,1.99,58
PS,VS1,J,1.50,1.99,52
PS,VS2,J,1.50,1.99,47
PS,SI1,J,1.50,1.99,41
PS,SI2,J,1.50,1.99,36
PS,I1,J,1.50,1.99,30
PS,IF,K,1.50,1.99,61
PS,VVS1,K,1.50,1.99,56
PS,VVS2,K,1.50,1.99,51
PS,VS1,K,1.50,1.99,46
PS,VS2,K,1.50,1.99,41
PS,SI1,K,1.50,1.99,36
PS,SI2,K,1.50,1.99,32
PS,I1,K,1.50,1.99,27
PS,IF,L,1.50,1.99,52
PS,VVS1,L,1.50,1.99,48
PS,VVS2,L,1.50,1.99,44
PS,VS1,L,1.50,1.99,40
PS,VS2,L,1.50,1.99,36
PS,SI1,L,1.50,1.99,31
PS,SI2,L,1.50,1.99,27
PS,I1,L,1.50,1.99,23
PS,IF,M,1.50,1.99,44
PS,VVS1,M,1.50,1.99,41
PS,VVS2,M,1.50,1.99,37
PS,VS1,M,1.50,1.99,33
PS,VS2,M,1.50,1.99,30
PS,SI1,M,1.50,1.99,26
PS,SI2,M,1.50,1.99,23
PS,I1,M,1.50,1.99,19
PS,IF,D,2.00,2.99,170
PS,VVS1,D,2.00,2.99,156
PS,VVS2,D,2.00,2.99,143
PS,VS1,D,2.00,2.99,129
PS,VS2,D,2.00,2.99,116
PS,SI1,D,2.00,2.99,102
PS,SI2,D,2.00,2.99,88
PS,I1,D,2.00,2.99,75
PS,IF,E,2.00,2.99,158
PS,VVS1,E,2.00,2.99,145
PS,VVS2,E,2.00,2.99,133
PS,VS1,E,2.00,2.99,120
PS,VS2,E,2.00,2.99,108
PS,SI1,E,2.00,2.99,95
PS,SI2,E,2.00,2.99,82
PS,I1,E,2.00,2.99,70
PS,IF,F,2.00,2.99,146
PS,VVS1,F,2.00,2.99,135
PS,VVS2,F,2.00,2.99,123
PS,VS1,F,2.00,2.99,111
PS,VS2,F,2.00,2.99,99
PS,SI1,F,2.00,2.99,88
PS,SI2,F,2.00,2.99,76
PS,I1,F,2.00,2.99,64
PS,IF,G,2.00,2.99,134
PS,VVS1,G,2.00,2.99,124
PS,VVS2,G,2.00,2.99,113
PS,VS1,G,2.00,2.99,102
PS,VS2,G,2.00,2.99,91
PS,SI1,G,2.00,2.99,81
PS,SI2,G,2.00,2.99,70
PS,I1,G,2.00,2.99,59
PS,IF,H,2.00,2.99,122
PS,VVS1,H,2.00,2.99,113
PS,VVS2,H,2.00,2.99,103
PS,VS1,H,2.00,2.99,93
PS,VS2,H,2.00,2.99,83
PS,SI1,H,2.00,2.99,73
PS,SI2,H,2.00,2.99,64
PS,I1,H,2.00,2.99,54
PS,IF,I,2.00,2.99,110
PS,VVS1,I,2.00,2.99,102
PS,VVS2,I,2.00,2.99,93
PS,VS1,I,2.00,2.99,84
PS,VS2,I,2.00,2.99,75
PS,SI1,I,2.00,2.99,66
PS,SI2,I,2.00,2.99,57
PS,I1,I,2.00,2.99,49
PS,IF,J,2.00,2.99,99
PS,VVS1,J,2.00,2.99,91
PS,VVS2,J,2.00,2.99,83
PS,VS1,J,2.00,2.99,75
PS,VS2,J,2.00,2.99,67
PS,SI1,J,2.00,2.99,59
PS,SI2,J,2.00,2.99,51
PS,I1,J,2.00,2.99,43
PS,IF,K,2.00,2.99,87
PS,VVS1,K,2.00,2.99,80
PS,VVS2,K,2.00,2.99,73
PS,VS1,K,2.00,2.99,66
PS,VS2,K,2.00,2.99,59
PS,SI1,K,2.00,2.99,52
PS,SI2,K,2.00,2.99,45
PS,I1,K,2.00,2.99,38
PS,IF,L,2.00,2.99,75
PS,VVS1,L,2.00,2.99,69
PS,VVS2,L,2.00,2.99,63
PS,VS1,L,2.00,2.99,57
PS,VS2,L,2.00,2.99,51
PS,SI1,L,2.00,2.99,45
PS,SI2,L,2.00,2.99,39
PS,I1,L,2.00,2.99,33
PS,IF,M,2.00,2.99,63
PS,VVS1,M,2.00,2.99,58
PS,VVS2,M,2.00,2.99,53
PS,VS1,M,2.00,2.99,48
PS,VS2,M,2.00,2.99,43
PS,SI1,M,2.00,2.99,38
PS,SI2,M,2.00,2.99,33
PS,I1,M,2.00,2.99,28
PS,IF,D,3.00,3.99,255
PS,VVS1,D,3.00,3.99,235
PS,VVS2,D,3.00,3.99,214
PS,VS1,D,3.00,3.99,194
PS,VS2,D,3.00,3.99,173
PS,SI1,D,3.00,3.99,153
PS,SI2,D,3.00,3.99,133
PS,I1,D,3.00,3.99,112
PS,IF,E,3.00,3.99,237
PS,VVS1,E,3.00,3.99,218
PS,VVS2,E,3.00,3.99,199
PS,VS1,E,3.00,3.99,180
PS,VS2,E,3.00,3.99,161
PS,SI1,E,3.00,3.99,142
PS,SI2,E,3.00,3.99,123
PS,I1,E,3.00,3.99,104
PS,IF,F,3.00,3.99,219
PS,VVS1,F,3.00,3.99,202
PS,VVS2,F,3.00,3.99,184
PS,VS1,F,3.00,3.99,167
PS,VS2,F,3.00,3.99,149
PS,SI1,F,3.00,3.99,132
PS,SI2,F,3.00,3.99,114
PS,I1,F,3.00,3.99,96
PS,IF,G,3.00,3.99,201
PS,VVS1,G,3.00,3.99,185
PS,VVS2,G,3.00,3.99,169
PS,VS1,G,3.00,3.99,153
PS,VS2,G,3.00,3.99,137
PS,SI1,G,3.00,3.99,121
PS,SI2,G,3.00,3.99,105
PS,I1,G,3.00,3.99,89
PS,IF,H,3.00,3.99,184
PS,VVS1,H,3.00,3.99,169
PS,VVS2,H,3.00,3.99,154
PS,VS1,H,3.00,3.99,140
PS,VS2,H,3.00,3.99,125
PS,SI1,H,3.00,3.99,110
PS,SI2,H,3.00,3.99,95
PS,I1,H,3.00,3.99,81
PS,IF,I,3.00,3.99,166
PS,VVS1,I,3.00,3.99,152
PS,VVS2,I,3.00,3.99,139
PS,VS1,I,3.00,3.99,126
PS,VS2,I,3.00,3.99,113
PS,SI1,I,3.00,3.99,99
PS,SI2,I,3.00,3.99,86
PS,I1,I,3.00,3.99,73
PS,IF,J,3.00,3.99,148
PS,VVS1,J,3.00,3.99,136
PS,VVS2,J,3.00,3.99,124
PS,VS1,J,3.00,3.99,112
PS,VS2,J,3.00,3.99,101
PS,SI1,J,3.00,3.99,89
PS,SI2,J,3.00,3.99,77
PS,I1,J,3.00,3.99,65
PS,IF,K,3.00,3.99,130
PS,VVS1,K,3.00,3.99,120
PS,VVS2,K,3.00,3.99,109
PS,VS1,K,3.00,3.99,99
PS,VS2,K,3.00,3.99,88
PS,SI1,K,3.00,3.99,78
PS,SI2,K,3.00,3.99,68
PS,I1,K,3.00,3.99,57
PS,IF,L,3.00,3.99,112
PS,VVS1,L,3.00,3.99,103
PS,VVS2,L,3.00,3.99,94
PS,VS1,L,3.00,3.99,85
PS,VS2,L,3.00,3.99,76
PS,SI1,L,3.00,3.99,67
PS,SI2,L,3.00,3.99,58
PS,I1,L,3.00,3.99,49
PS,IF,M,3.00,3.99,94
PS,VVS1,M,3.00,3.99,87
PS,VVS2,M,3.00,3.99,79
PS,VS1,M,3.00,3.99,72
PS,VS2,M,3.00,3.99,64
PS,SI1,M,3.00,3.99,57
PS,SI2,M,3.00,3.99,49
PS,I1,M,3.00,3.99,42
